Paper,Number,Question,Key
1,1,28,A
1,2,49,B
1,3,159,B
1,4,202,C
1,5,243,C
1,6,288,A
1,7,293,D
1,8,303,A
1,9,304,B
1,10,376,A
1,11,387,A
1,12,417,A
1,13,423,A
1,14,436,c
1,15,439,C
1,16,444,A
1,17,456,D
1,18,570,A
1,19,578,C
1,20,589,B
1,21,596,B
1,22,603,C
1,23,656,B
1,24,672,A
1,25,864,A
1,26,1050,A
1,27,1080,A
1,28,1103,B
1,29,1116,c
1,30,1159,b
1,31,1165,C
1,32,1217,C
1,33,1224,A
1,34,1257,B
1,35,1261,C
1,36,1291,A
1,37,1371,A
1,38,1496,A
1,39,1502,A
1,40,1504,D
1,41,1523,B
1,42,1594,B
1,43,1614,A
1,44,1637,C
1,45,1658,C
1,46,1671,A
1,47,1757,B
1,48,1759,C
1,49,1801,D
1,50,1835,B
1,51,1845,C
1,52,1851,B
1,53,1885,C
1,54,1905,A
1,55,1918,A
1,56,1940,B
1,57,1951,C
1,58,1953,D
1,59,1958,A
1,60,2070,A
1,61,2090,B
1,62,2091,D
1,63,2119,B
1,64,2188,B
1,65,2213,A
1,66,2218,C
1,67,2229,A
1,68,2279,C
1,69,2281,b
1,70,2289,B
1,71,2296,B
1,72,2316,A
1,73,2326,B
1,74,2400,C
1,75,2410,B
1,76,2428,A
1,77,2484,C
1,78,2508,B
1,79,2513,A
1,80,2523,C
1,81,2580,a
1,82,2587,C
1,83,2591,C
1,84,2625,A
1,85,2708,C
1,86,2721,A
1,87,2905,D
1,88,2930,B
1,89,2963,C
1,90,2989,C
1,91,3026,D
1,92,3048,C
1,93,3081,C
1,94,3127,B
1,95,3189,C
1,96,3273,C
1,97,3303,D
1,98,3307,B
1,99,3339,D
1,100,3398,C
2,1,79,O
2,2,81,C
2,3,90,C
2,4,184,b
2,5,318,B
2,6,330,d
2,7,343,C
2,8,350,B
2,9,399,D
2,10,441,A
2,11,464,O
2,12,467,A
2,13,526,C
2,14,527,O
2,15,528,D
2,16,529,O
2,17,568,D
2,18,646,B
2,19,662,A
2,20,687,D
2,21,690,D
2,22,728,B
2,23,760,A
2,24,765,A
2,25,771,A
2,26,782,C
2,27,819,B
2,28,885,c
2,29,927,O
2,30,957,d
2,31,1042,C
2,32,1095,D
2,33,1104,B
2,34,1118,A
2,35,1201,A
2,36,1247,A
2,37,1251,b
2,38,1276,D
2,39,1329,A
2,40,1331,A
2,41,1348,A
2,42,1372,B
2,43,1463,d
2,44,1488,D
2,45,1607,C
2,46,1624,A
2,47,1625,C
2,48,1648,A
2,49,1667,A
2,50,1713,D
2,51,1722,C
2,52,1748,D
2,53,1811,O
2,54,1842,D
2,55,1848,D
2,56,1861,B
2,57,1870,D
2,58,1879,A
2,59,1893,A
2,60,1898,B
2,61,1932,C
2,62,1985,c
2,63,2023,b
2,64,2029,B
2,65,2031,C
2,66,2071,A
2,67,2084,C
2,68,2151,C
2,69,2163,A
2,70,2222,O
2,71,2307,B
2,72,2329,O
2,73,2341,C
2,74,2394,A
2,75,2420,O
2,76,2532,B
2,77,2602,A
2,78,2606,A
2,79,2613,A
2,80,2614,B
2,81,2658,B
2,82,2687,C
2,83,2779,C
2,84,2866,B
2,85,2869,B
2,86,2893,A
2,87,2906,B
2,88,2925,D
2,89,2949,a
2,90,3001,O
2,91,3021,A
2,92,3023,A
2,93,3065,c
2,94,3094,O
2,95,3164,A
2,96,3357,c
2,97,3384,B
2,98,3386,D
2,99,3393,B
2,100,3406,D
3,1,42,B
3,2,44,O
3,3,45,A
3,4,50,B
3,5,59,B
3,6,105,B
3,7,145,C
3,8,188,a
3,9,225,B
3,10,298,C
3,11,410,O
3,12,434,A
3,13,451,A
3,14,460,B
3,15,472,C
3,16,521,O
3,17,523,D
3,18,547,O
3,19,575,B
3,20,581,B
3,21,608,B
3,22,643,C
3,23,645,A
3,24,677,D
3,25,724,O
3,26,743,A
3,27,898,C
3,28,938,d
3,29,955,C
3,30,962,C
3,31,995,A
3,32,1000,C
3,33,1088,C
3,34,1098,C
3,35,1100,C
3,36,1114,B
3,37,1131,b
3,38,1154,A
3,39,1170,A
3,40,1212,A
3,41,1293,C
3,42,1311,d
3,43,1312,C
3,44,1358,D
3,45,1368,c
3,46,1384,C
3,47,1396,A
3,48,1399,C
3,49,1433,C
3,50,1466,A
3,51,1476,A
3,52,1531,D
3,53,1540,A
3,54,1589,C
3,55,1598,A
3,56,1657,D
3,57,1721,b
3,58,1733,C
3,59,1764,D
3,60,1796,C
3,61,1819,O
3,62,1876,A
3,63,2006,O
3,64,2010,D
3,65,2183,B
3,66,2194,A
3,67,2201,A
3,68,2251,D
3,69,2277,B
3,70,2380,B
3,71,2445,A
3,72,2456,C
3,73,2469,O
3,74,2478,A
3,75,2548,A
3,76,2611,A
3,77,2619,C
3,78,2637,A
3,79,2683,A
3,80,2691,A
3,81,2700,A
3,82,2744,D
3,83,2748,A
3,84,2773,b
3,85,2781,D
3,86,2795,D
3,87,2807,a
3,88,2819,A
3,89,2821,D
3,90,2861,C
3,91,2991,D
3,92,3002,D
3,93,3032,D
3,94,3135,C
3,95,3161,C
3,96,3194,B
3,97,3227,A
3,98,3236,O
3,99,3239,B
3,100,3368,B
4,1,10,B
4,2,31,A
4,3,70,B
4,4,98,A
4,5,125,C
4,6,263,A
4,7,291,B
4,8,313,D
4,9,400,C
4,10,477,A
4,11,586,D
4,12,612,D
4,13,658,D
4,14,692,B
4,15,723,O
4,16,766,D
4,17,805,A
4,18,816,A
4,19,897,a
4,20,961,B
4,21,993,B
4,22,1004,A
4,23,1084,A
4,24,1141,O
4,25,1183,O
4,26,1222,O
4,27,1249,B
4,28,1252,D
4,29,1303,D
4,30,1307,D
4,31,1400,A
4,32,1434,B
4,33,1501,C
4,34,1513,B
4,35,1552,C
4,36,1631,D
4,37,1651,C
4,38,1660,O
4,39,1699,A
4,40,1754,B
4,41,1767,b
4,42,1768,B
4,43,1839,A
4,44,1853,B
4,45,1881,A
4,46,1894,a
4,47,1895,A
4,48,1909,B
4,49,1973,B
4,50,1978,A
4,51,1991,d
4,52,2044,B
4,53,2109,B
4,54,2146,A
4,55,2167,C
4,56,2178,C
4,57,2181,A
4,58,2207,A
4,59,2209,C
4,60,2211,B
4,61,2216,A
4,62,2220,A
4,63,2232,B
4,64,2292,B
4,65,2303,C
4,66,2340,C
4,67,2357,C
4,68,2368,B
4,69,2412,A
4,70,2413,D
4,71,2416,A
4,72,2475,D
4,73,2497,B
4,74,2529,A
4,75,2535,B
4,76,2552,C
4,77,2595,C
4,78,2597,a
4,79,2642,C
4,80,2652,B
4,81,2682,b
4,82,2685,B
4,83,2688,C
4,84,2802,B
4,85,2838,B
4,86,2840,C
4,87,2896,B
4,88,2913,B
4,89,2938,O
4,90,2942,B
4,91,3058,D
4,92,3085,C
4,93,3108,A
4,94,3142,B
4,95,3166,B
4,96,3229,B
4,97,3269,A
4,98,3310,D
4,99,3314,B
4,100,3327,B
5,1,21,C
5,2,66,A
5,3,93,D
5,4,107,B
5,5,138,A
5,6,214,B
5,7,275,A
5,8,279,C
5,9,316,A
5,10,336,A
5,11,404,c
5,12,447,A
5,13,483,B
5,14,487,A
5,15,496,B
5,16,624,A
5,17,807,C
5,18,818,C
5,19,896,A
5,20,987,D
5,21,1018,C
5,22,1025,A
5,23,1035,B
5,24,1056,B
5,25,1063,B
5,26,1105,A
5,27,1112,B
5,28,1120,D
5,29,1124,B
5,30,1191,C
5,31,1230,C
5,32,1267,A
5,33,1316,A
5,34,1336,A
5,35,1340,A
5,36,1366,c
5,37,1381,C
5,38,1385,a
5,39,1405,C
5,40,1430,B
5,41,1459,a
5,42,1487,A
5,43,1610,D
5,44,1645,C
5,45,1698,A
5,46,1726,A
5,47,1822,D
5,48,1834,D
5,49,1872,B
5,50,1875,B
5,51,1910,A
5,52,1930,A
5,53,1945,O
5,54,1954,A
5,55,2012,D
5,56,2028,C
5,57,2034,A
5,58,2037,D
5,59,2069,C
5,60,2128,a
5,61,2143,A
5,62,2168,B
5,63,2221,A
5,64,2228,B
5,65,2237,A
5,66,2261,B
5,67,2331,B
5,68,2344,a
5,69,2364,C
5,70,2396,B
5,71,2442,C
5,72,2471,D
5,73,2543,B
5,74,2555,B
5,75,2573,a
5,76,2712,A
5,77,2719,C
5,78,2749,A
5,79,2815,B
5,80,2891,B
5,81,2894,B
5,82,2903,A
5,83,3020,a
5,84,3052,C
5,85,3064,D
5,86,3091,A
5,87,3115,A
5,88,3139,O
5,89,3159,B
5,90,3184,A
5,91,3251,B
5,92,3254,A
5,93,3266,a
5,94,3340,B
5,95,3351,C
5,96,3383,B
5,97,3391,C
5,98,3396,B
5,99,3399,D
5,100,3431,D
6,1,20,b
6,2,54,C
6,3,71,b
6,4,133,D
6,5,148,D
6,6,209,C
6,7,215,A
6,8,217,A
6,9,295,c
6,10,307,C
6,11,344,C
6,12,345,D
6,13,346,D
6,14,360,C
6,15,396,A
6,16,407,D
6,17,463,A
6,18,565,C
6,19,585,d
6,20,623,a
6,21,632,A
6,22,704,d
6,23,717,D
6,24,772,B
6,25,799,O
6,26,832,A
6,27,838,A
6,28,910,c
6,29,923,C
6,30,925,a
6,31,1027,B
6,32,1032,B
6,33,1033,C
6,34,1059,A
6,35,1067,C
6,36,1090,B
6,37,1097,A
6,38,1149,b
6,39,1181,O
6,40,1196,A
6,41,1207,B
6,42,1318,D
6,43,1421,B
6,44,1470,A
6,45,1553,O
6,46,1579,C
6,47,1676,B
6,48,1719,O
6,49,1732,b
6,50,1846,A
6,51,1865,A
6,52,1868,A
6,53,1892,D
6,54,1933,B
6,55,1987,B
6,56,2042,A
6,57,2053,A
6,58,2055,A
6,59,2064,A
6,60,2083,C
6,61,2089,D
6,62,2094,B
6,63,2162,B
6,64,2196,C
6,65,2256,B
6,66,2274,A
6,67,2283,B
6,68,2314,B
6,69,2381,B
6,70,2439,C
6,71,2462,B
6,72,2503,O
6,73,2507,B
6,74,2540,A
6,75,2553,C
6,76,2620,B
6,77,2621,C
6,78,2633,C
6,79,2659,C
6,80,2747,C
6,81,2755,A
6,82,2776,O
6,83,2786,A
6,84,2809,D
6,85,2841,B
6,86,2877,A
6,87,2928,B
6,88,2994,A
6,89,3015,C
6,90,3036,O
6,91,3054,D
6,92,3129,C
6,93,3134,B
6,94,3144,O
6,95,3154,C
6,96,3252,B
6,97,3258,C
6,98,3300,A
6,99,3379,b
6,100,3405,D
7,1,12,B
7,2,16,O
7,3,65,A
7,4,97,A
7,5,136,C
7,6,141,A
7,7,175,A
7,8,211,A
7,9,234,C
7,10,284,C
7,11,305,B
7,12,315,B
7,13,339,A
7,14,359,O
7,15,492,A
7,16,511,A
7,17,584,A
7,18,595,D
7,19,606,D
7,20,711,B
7,21,719,C
7,22,757,A
7,23,759,A
7,24,787,C
7,25,793,D
7,26,811,C
7,27,895,B
7,28,914,C
7,29,936,B
7,30,946,C
7,31,965,C
7,32,989,B
7,33,990,D
7,34,1077,A
7,35,1172,d
7,36,1234,A
7,37,1242,B
7,38,1289,D
7,39,1300,D
7,40,1350,O
7,41,1359,B
7,42,1370,C
7,43,1386,D
7,44,1395,D
7,45,1415,A
7,46,1461,D
7,47,1530,B
7,48,1647,A
7,49,1689,c
7,50,1746,B
7,51,1772,D
7,52,1793,D
7,53,1817,D
7,54,1821,B
7,55,1867,D
7,56,1913,D
7,57,1916,C
7,58,1983,O
7,59,1995,O
7,60,1997,C
7,61,2020,b
7,62,2021,O
7,63,2068,A
7,64,2132,A
7,65,2193,a
7,66,2225,C
7,67,2294,D
7,68,2383,B
7,69,2397,A
7,70,2403,A
7,71,2443,C
7,72,2467,A
7,73,2509,B
7,74,2557,D
7,75,2565,A
7,76,2574,A
7,77,2584,D
7,78,2598,D
7,79,2636,A
7,80,2730,A
7,81,2760,B
7,82,2792,A
7,83,2803,A
7,84,2804,A
7,85,2916,B
7,86,2959,B
7,87,3063,C
7,88,3089,a
7,89,3131,A
7,90,3149,B
7,91,3188,C
7,92,3231,B
7,93,3235,C
7,94,3297,A
7,95,3354,D
7,96,3373,a
7,97,3402,D
7,98,3414,D
7,99,3421,B
7,100,3433,D
8,1,25,D
8,2,47,B
8,3,48,B
8,4,104,D
8,5,116,A
8,6,167,C
8,7,176,A
8,8,177,A
8,9,248,B
8,10,256,D
8,11,349,A
8,12,461,C
8,13,474,A
8,14,536,A
8,15,544,A
8,16,560,C
8,17,639,D
8,18,655,D
8,19,735,B
8,20,798,A
8,21,847,a
8,22,893,O
8,23,894,C
8,24,908,A
8,25,1015,C
8,26,1030,A
8,27,1065,O
8,28,1102,B
8,29,1115,B
8,30,1134,C
8,31,1163,D
8,32,1194,B
8,33,1208,C
8,34,1240,A
8,35,1250,D
8,36,1255,A
8,37,1260,A
8,38,1342,c
8,39,1377,C
8,40,1417,a
8,41,1427,O
8,42,1467,d
8,43,1473,D
8,44,1498,C
8,45,1503,A
8,46,1526,A
8,47,1555,A
8,48,1559,D
8,49,1575,c
8,50,1601,D
8,51,1616,B
8,52,1634,C
8,53,1696,C
8,54,1700,A
8,55,1728,c
8,56,1854,D
8,57,1931,O
8,58,1969,D
8,59,2051,O
8,60,2066,D
8,61,2147,B
8,62,2161,C
8,63,2202,B
8,64,2224,C
8,65,2249,A
8,66,2337,A
8,67,2424,A
8,68,2437,B
8,69,2457,O
8,70,2522,A
8,71,2588,A
8,72,2616,A
8,73,2640,C
8,74,2644,O
8,75,2645,C
8,76,2657,D
8,77,2673,B
8,78,2767,A
8,79,2777,D
8,80,2825,B
8,81,2856,B
8,82,2858,A
8,83,2904,C
8,84,2933,D
8,85,2976,a
8,86,3027,D
8,87,3029,A
8,88,3045,C
8,89,3078,b
8,90,3083,C
8,91,3155,B
8,92,3198,C
8,93,3206,D
8,94,3214,C
8,95,3215,B
8,96,3244,B
8,97,3306,C
8,98,3331,D
8,99,3367,A
8,100,3425,D
9,1,29,D
9,2,34,C
9,3,129,C
9,4,132,B
9,5,152,A
9,6,241,B
9,7,268,B
9,8,278,D
9,9,321,A
9,10,432,A
9,11,480,B
9,12,499,O
9,13,563,D
9,14,567,O
9,15,591,C
9,16,676,B
9,17,688,B
9,18,691,C
9,19,720,C
9,20,731,A
9,21,764,c
9,22,770,O
9,23,786,A
9,24,810,O
9,25,820,C
9,26,943,A
9,27,986,C
9,28,1011,d
9,29,1108,C
9,30,1119,A
9,31,1132,C
9,32,1199,B
9,33,1203,A
9,34,1263,a
9,35,1268,B
9,36,1425,O
9,37,1443,C
9,38,1604,A
9,39,1630,A
9,40,1662,A
9,41,1674,O
9,42,1693,A
9,43,1795,b
9,44,1803,C
9,45,1824,A
9,46,1837,B
9,47,1935,A
9,48,1986,d
9,49,1988,A
9,50,2009,b
9,51,2038,B
9,52,2045,D
9,53,2049,b
9,54,2112,C
9,55,2130,B
9,56,2199,A
9,57,2354,A
9,58,2356,B
9,59,2369,B
9,60,2406,C
9,61,2407,D
9,62,2518,B
9,63,2550,C
9,64,2569,C
9,65,2582,C
9,66,2693,D
9,67,2709,C
9,68,2716,B
9,69,2772,A
9,70,2785,C
9,71,2826,D
9,72,2827,O
9,73,2867,a
9,74,2934,b
9,75,2943,C
9,76,2977,c
9,77,2981,B
9,78,2985,B
9,79,2996,D
9,80,3009,A
9,81,3018,B
9,82,3033,B
9,83,3042,B
9,84,3095,B
9,85,3117,C
9,86,3160,A
9,87,3167,C
9,88,3168,B
9,89,3204,B
9,90,3226,D
9,91,3277,D
9,92,3279,D
9,93,3301,D
9,94,3317,D
9,95,3322,A
9,96,3376,D
9,97,3392,A
9,98,3401,B
9,99,3419,B
9,100,3422,A
10,1,18,B
10,2,37,B
10,3,64,O
10,4,75,a
10,5,84,O
10,6,87,A
10,7,89,B
10,8,189,O
10,9,236,A
10,10,270,A
10,11,334,O
10,12,384,A
10,13,426,a
10,14,450,C
10,15,478,C
10,16,515,C
10,17,572,C
10,18,599,D
10,19,617,B
10,20,620,B
10,21,670,A
10,22,716,a
10,23,751,C
10,24,775,D
10,25,779,A
10,26,826,A
10,27,843,A
10,28,861,A
10,29,878,C
10,30,945,B
10,31,947,C
10,32,1013,C
10,33,1081,A
10,34,1128,D
10,35,1219,B
10,36,1309,B
10,37,1379,O
10,38,1383,D
10,39,1387,A
10,40,1398,A
10,41,1424,C
10,42,1438,B
10,43,1446,B
10,44,1480,d
10,45,1538,D
10,46,1566,A
10,47,1669,A
10,48,1670,A
10,49,1729,B
10,50,1734,D
10,51,1758,C
10,52,1922,A
10,53,2001,A
10,54,2005,B
10,55,2017,c
10,56,2095,B
10,57,2121,C
10,58,2164,B
10,59,2204,A
10,60,2214,A
10,61,2245,O
10,62,2265,b
10,63,2269,C
10,64,2358,A
10,65,2388,a
10,66,2405,b
10,67,2419,b
10,68,2427,A
10,69,2458,B
10,70,2479,C
10,71,2491,B
10,72,2496,A
10,73,2512,D
10,74,2517,C
10,75,2615,A
10,76,2622,C
10,77,2630,A
10,78,2638,A
10,79,2679,D
10,80,2698,A
10,81,2771,B
10,82,2814,C
10,83,2846,C
10,84,2857,C
10,85,2882,O
10,86,2883,b
10,87,2914,B
10,88,2919,A
10,89,2968,D
10,90,2983,a
10,91,2984,C
10,92,2986,d
10,93,3037,A
10,94,3044,D
10,95,3070,C
10,96,3074,D
10,97,3289,D
10,98,3295,B
10,99,3348,B
10,100,3429,B
11,1,7,A
11,2,68,A
11,3,91,A
11,4,231,A
11,5,244,D
11,6,276,C
11,7,311,C
11,8,328,A
11,9,395,A
11,10,401,A
11,11,416,O
11,12,500,O
11,13,506,D
11,14,533,O
11,15,538,b
11,16,539,A
11,17,549,A
11,18,558,b
11,19,614,A
11,20,629,D
11,21,635,A
11,22,641,C
11,23,684,C
11,24,693,D
11,25,703,d
11,26,722,A
11,27,769,B
11,28,821,B
11,29,846,C
11,30,853,O
11,31,857,B
11,32,869,D
11,33,884,B
11,34,903,A
11,35,931,D
11,36,963,A
11,37,1051,A
11,38,1085,B
11,39,1184,A
11,40,1271,A
11,41,1284,C
11,42,1345,b
11,43,1431,B
11,44,1465,A
11,45,1474,A
11,46,1508,C
11,47,1536,A
11,48,1586,A
11,49,1602,B
11,50,1623,B
11,51,1677,A
11,52,1715,C
11,53,1727,C
11,54,1776,C
11,55,1786,B
11,56,1814,D
11,57,1829,A
11,58,1920,A
11,59,2011,A
11,60,2019,D
11,61,2088,A
11,62,2097,B
11,63,2110,D
11,64,2127,D
11,65,2144,B
11,66,2152,D
11,67,2159,a
11,68,2176,C
11,69,2180,b
11,70,2203,B
11,71,2250,D
11,72,2268,B
11,73,2287,C
11,74,2319,A
11,75,2327,B
11,76,2382,A
11,77,2387,B
11,78,2422,a
11,79,2436,A
11,80,2464,B
11,81,2487,C
11,82,2594,C
11,83,2632,A
11,84,2654,O
11,85,2664,D
11,86,2707,D
11,87,2835,D
11,88,2908,C
11,89,3024,B
11,90,3039,A
11,91,3047,A
11,92,3060,B
11,93,3183,A
11,94,3240,A
11,95,3243,C
11,96,3249,A
11,97,3284,A
11,98,3287,A
11,99,3382,a
11,100,3404,B
12,1,14,A
12,2,123,B
12,3,139,B
12,4,172,A
12,5,220,A
12,6,254,A
12,7,310,C
12,8,397,C
12,9,430,D
12,10,445,A
12,11,469,A
12,12,471,C
12,13,494,A
12,14,520,C
12,15,534,C
12,16,552,A
12,17,555,B
12,18,597,C
12,19,625,A
12,20,647,C
12,21,650,B
12,22,651,D
12,23,694,c
12,24,705,C
12,25,707,B
12,26,801,B
12,27,828,B
12,28,867,B
12,29,921,c
12,30,922,B
12,31,968,c
12,32,985,O
12,33,999,C
12,34,1127,A
12,35,1140,B
12,36,1175,B
12,37,1176,B
12,38,1218,A
12,39,1225,A
12,40,1239,D
12,41,1297,B
12,42,1298,O
12,43,1339,b
12,44,1419,C
12,45,1507,D
12,46,1518,A
12,47,1547,O
12,48,1549,D
12,49,1592,C
12,50,1596,B
12,51,1627,C
12,52,1661,C
12,53,1808,B
12,54,1919,O
12,55,1921,D
12,56,1929,B
12,57,1982,C
12,58,2027,B
12,59,2085,D
12,60,2115,D
12,61,2264,d
12,62,2278,D
12,63,2361,A
12,64,2371,C
12,65,2393,C
12,66,2398,A
12,67,2463,A
12,68,2470,A
12,69,2504,C
12,70,2542,O
12,71,2576,C
12,72,2607,A
12,73,2628,A
12,74,2649,A
12,75,2796,d
12,76,2831,A
12,77,2834,A
12,78,2842,A
12,79,2851,C
12,80,2871,A
12,81,2873,B
12,82,2879,A
12,83,2967,B
12,84,2970,B
12,85,2971,O
12,86,2992,D
12,87,3016,A
12,88,3090,O
12,89,3116,D
12,90,3171,A
12,91,3191,B
12,92,3195,A
12,93,3196,a
12,94,3208,A
12,95,3276,B
12,96,3278,D
12,97,3315,D
12,98,3337,A
12,99,3341,C
12,100,3411,D
13,1,3,a
13,2,9,D
13,3,13,a
13,4,56,A
13,5,57,A
13,6,78,A
13,7,127,B
13,8,131,a
13,9,200,C
13,10,222,C
13,11,314,A
13,12,323,d
13,13,372,A
13,14,374,C
13,15,438,A
13,16,508,A
13,17,524,A
13,18,551,C
13,19,615,A
13,20,696,D
13,21,713,A
13,22,754,C
13,23,773,D
13,24,792,B
13,25,822,b
13,26,827,A
13,27,833,O
13,28,882,C
13,29,919,C
13,30,954,D
13,31,960,A
13,32,976,B
13,33,981,A
13,34,1071,D
13,35,1092,C
13,36,1177,C
13,37,1262,A
13,38,1270,A
13,39,1315,C
13,40,1426,C
13,41,1449,B
13,42,1452,B
13,43,1567,d
13,44,1576,d
13,45,1590,C
13,46,1617,C
13,47,1697,D
13,48,1761,C
13,49,1806,A
13,50,1820,B
13,51,1948,A
13,52,2004,B
13,53,2026,D
13,54,2030,C
13,55,2035,A
13,56,2048,c
13,57,2067,D
13,58,2111,D
13,59,2124,B
13,60,2141,A
13,61,2172,C
13,62,2179,A
13,63,2247,B
13,64,2286,A
13,65,2330,B
13,66,2376,O
13,67,2391,B
13,68,2452,B
13,69,2468,A
13,70,2489,A
13,71,2600,C
13,72,2662,D
13,73,2665,O
13,74,2705,D
13,75,2725,A
13,76,2734,D
13,77,2738,A
13,78,2753,B
13,79,2822,D
13,80,2887,B
13,81,2897,A
13,82,2924,d
13,83,2998,b
13,84,3006,C
13,85,3007,D
13,86,3017,C
13,87,3034,O
13,88,3050,a
13,89,3072,O
13,90,3084,B
13,91,3093,D
13,92,3141,O
13,93,3182,A
13,94,3217,C
13,95,3237,B
13,96,3264,A
13,97,3292,C
13,98,3342,B
13,99,3426,B
13,100,3432,B
14,1,58,A
14,2,72,A
14,3,73,A
14,4,111,B
14,5,150,A
14,6,161,b
14,7,195,A
14,8,255,A
14,9,262,A
14,10,266,A
14,11,296,C
14,12,312,D
14,13,371,d
14,14,378,A
14,15,503,O
14,16,605,O
14,17,636,A
14,18,649,A
14,19,653,C
14,20,681,D
14,21,727,A
14,22,831,C
14,23,848,B
14,24,849,A
14,25,865,a
14,26,879,A
14,27,886,A
14,28,920,A
14,29,966,C
14,30,969,c
14,31,1052,A
14,32,1086,B
14,33,1093,B
14,34,1158,B
14,35,1168,C
14,36,1169,B
14,37,1182,B
14,38,1213,A
14,39,1269,B
14,40,1321,A
14,41,1349,A
14,42,1392,A
14,43,1410,B
14,44,1500,O
14,45,1514,B
14,46,1525,C
14,47,1554,B
14,48,1600,C
14,49,1621,C
14,50,1635,O
14,51,1682,A
14,52,1705,C
14,53,1736,D
14,54,1744,C
14,55,1747,B
14,56,1762,B
14,57,1766,D
14,58,1790,C
14,59,1812,B
14,60,1887,C
14,61,1890,C
14,62,1946,B
14,63,1972,d
14,64,1975,a
14,65,2057,A
14,66,2078,C
14,67,2123,b
14,68,2139,A
14,69,2142,C
14,70,2241,A
14,71,2246,A
14,72,2255,B
14,73,2401,C
14,74,2441,C
14,75,2480,A
14,76,2485,C
14,77,2596,C
14,78,2631,A
14,79,2729,A
14,80,2740,A
14,81,2759,A
14,82,2774,B
14,83,2839,B
14,84,2900,O
14,85,2966,D
14,86,3000,A
14,87,3077,A
14,88,3137,B
14,89,3140,C
14,90,3179,B
14,91,3190,D
14,92,3202,A
14,93,3232,B
14,94,3285,D
14,95,3305,A
14,96,3359,b
14,97,3400,B
14,98,3410,D
14,99,3424,c
14,100,3427,a
15,1,5,C
15,2,23,D
15,3,39,A
15,4,74,B
15,5,76,O
15,6,126,A
15,7,178,A
15,8,213,A
15,9,228,a
15,10,280,D
15,11,361,D
15,12,402,D
15,13,421,B
15,14,446,A
15,15,486,C
15,16,554,B
15,17,561,D
15,18,587,A
15,19,626,B
15,20,628,a
15,21,654,B
15,22,669,C
15,23,697,C
15,24,708,A
15,25,714,D
15,26,721,d
15,27,753,D
15,28,763,B
15,29,824,A
15,30,835,A
15,31,876,C
15,32,928,B
15,33,932,B
15,34,935,c
15,35,991,D
15,36,1001,C
15,37,1066,D
15,38,1075,D
15,39,1109,A
15,40,1195,C
15,41,1197,c
15,42,1319,D
15,43,1360,O
15,44,1447,A
15,45,1460,A
15,46,1472,a
15,47,1519,A
15,48,1585,D
15,49,1656,A
15,50,1684,A
15,51,1718,B
15,52,1752,D
15,53,1760,O
15,54,1843,A
15,55,1869,B
15,56,1873,C
15,57,1902,C
15,58,1927,A
15,59,1976,A
15,60,2050,A
15,61,2076,D
15,62,2114,A
15,63,2173,A
15,64,2191,A
15,65,2198,A
15,66,2243,A
15,67,2295,O
15,68,2339,A
15,69,2348,B
15,70,2363,C
15,71,2465,A
15,72,2500,O
15,73,2544,C
15,74,2592,C
15,75,2610,O
15,76,2612,B
15,77,2647,B
15,78,2680,D
15,79,2689,D
15,80,2690,A
15,81,2714,D
15,82,2722,C
15,83,2745,C
15,84,2751,O
15,85,2782,B
15,86,2855,A
15,87,2902,B
15,88,2957,a
15,89,2980,b
15,90,3005,D
15,91,3040,B
15,92,3055,B
15,93,3109,B
15,94,3146,A
15,95,3150,C
15,96,3186,D
15,97,3199,A
15,98,3230,C
15,99,3320,B
15,100,3350,B
16,1,8,O
16,2,17,A
16,3,27,b
16,4,101,A
16,5,151,D
16,6,168,A
16,7,182,C
16,8,185,A
16,9,186,c
16,10,201,A
16,11,218,C
16,12,258,A
16,13,265,O
16,14,320,A
16,15,341,B
16,16,356,C
16,17,368,A
16,18,382,D
16,19,405,B
16,20,514,B
16,21,579,B
16,22,583,D
16,23,621,D
16,24,674,B
16,25,680,B
16,26,839,O
16,27,858,B
16,28,924,A
16,29,926,B
16,30,953,B
16,31,992,B
16,32,1012,B
16,33,1020,O
16,34,1021,C
16,35,1037,A
16,36,1233,B
16,37,1237,A
16,38,1283,C
16,39,1323,B
16,40,1324,A
16,41,1338,A
16,42,1428,A
16,43,1456,A
16,44,1471,A
16,45,1506,D
16,46,1535,A
16,47,1640,d
16,48,1691,C
16,49,1720,A
16,50,1724,D
16,51,1787,A
16,52,1798,B
16,53,1800,B
16,54,1826,B
16,55,1827,C
16,56,1863,B
16,57,1936,A
16,58,1959,C
16,59,1994,D
16,60,2073,A
16,61,2074,D
16,62,2080,A
16,63,2106,B
16,64,2177,O
16,65,2184,O
16,66,2233,A
16,67,2328,a
16,68,2474,D
16,69,2488,A
16,70,2501,A
16,71,2505,O
16,72,2545,A
16,73,2564,C
16,74,2571,C
16,75,2635,A
16,76,2641,a
16,77,2650,a
16,78,2670,A
16,79,2737,D
16,80,2739,C
16,81,2820,B
16,82,2824,B
16,83,2843,D
16,84,2895,B
16,85,2929,A
16,86,2941,d
16,87,2951,d
16,88,2958,A
16,89,2997,A
16,90,3014,C
16,91,3061,D
16,92,3062,D
16,93,3112,O
16,94,3165,B
16,95,3170,C
16,96,3209,A
16,97,3224,b
16,98,3234,A
16,99,3270,A
16,100,3299,C
17,1,1,C
17,2,24,A
17,3,63,a
17,4,112,C
17,5,118,A
17,6,173,A
17,7,192,D
17,8,205,d
17,9,223,B
17,10,239,A
17,11,251,A
17,12,257,d
17,13,289,B
17,14,326,D
17,15,333,C
17,16,357,C
17,17,411,B
17,18,424,C
17,19,433,O
17,20,489,C
17,21,505,D
17,22,512,A
17,23,543,O
17,24,607,A
17,25,611,b
17,26,618,c
17,27,675,A
17,28,741,B
17,29,813,C
17,30,844,C
17,31,856,A
17,32,859,D
17,33,888,c
17,34,901,B
17,35,934,a
17,36,937,C
17,37,1022,b
17,38,1058,a
17,39,1078,A
17,40,1111,A
17,41,1129,C
17,42,1152,A
17,43,1190,B
17,44,1198,O
17,45,1200,C
17,46,1253,b
17,47,1277,D
17,48,1294,C
17,49,1337,D
17,50,1411,D
17,51,1436,C
17,52,1453,C
17,53,1544,C
17,54,1563,C
17,55,1574,B
17,56,1626,B
17,57,1646,A
17,58,1664,A
17,59,1743,D
17,60,1777,c
17,61,1813,C
17,62,1830,C
17,63,1850,B
17,64,1884,A
17,65,1886,O
17,66,1923,B
17,67,1925,D
17,68,1968,A
17,69,1981,C
17,70,1990,O
17,71,2003,d
17,72,2036,A
17,73,2082,D
17,74,2197,A
17,75,2275,C
17,76,2276,A
17,77,2310,D
17,78,2311,A
17,79,2315,d
17,80,2321,C
17,81,2322,A
17,82,2385,D
17,83,2430,C
17,84,2432,C
17,85,2525,B
17,86,2604,A
17,87,2627,A
17,88,2634,C
17,89,2697,C
17,90,2798,D
17,91,2808,C
17,92,2890,B
17,93,2911,B
17,94,2917,B
17,95,2921,A
17,96,2923,c
17,97,2947,O
17,98,2950,d
17,99,3073,B
17,100,3259,A
18,1,82,C
18,2,99,A
18,3,142,B
18,4,153,B
18,5,203,B
18,6,204,B
18,7,216,B
18,8,227,d
18,9,229,C
18,10,232,a
18,11,259,A
18,12,260,A
18,13,287,B
18,14,294,C
18,15,302,O
18,16,342,A
18,17,369,A
18,18,388,C
18,19,491,A
18,20,513,B
18,21,573,C
18,22,590,A
18,23,695,D
18,24,698,C
18,25,699,A
18,26,718,C
18,27,725,C
18,28,794,C
18,29,868,O
18,30,875,C
18,31,881,c
18,32,948,C
18,33,1002,D
18,34,1024,C
18,35,1039,C
18,36,1045,O
18,37,1107,C
18,38,1117,b
18,39,1121,D
18,40,1215,B
18,41,1232,A
18,42,1290,C
18,43,1320,C
18,44,1334,C
18,45,1403,C
18,46,1423,A
18,47,1441,C
18,48,1444,C
18,49,1457,C
18,50,1489,A
18,51,1597,D
18,52,1608,O
18,53,1665,D
18,54,1666,d
18,55,1675,A
18,56,1708,B
18,57,1805,D
18,58,1810,C
18,59,1831,B
18,60,1857,C
18,61,1934,A
18,62,1942,B
18,63,2033,C
18,64,2077,C
18,65,2170,A
18,66,2236,A
18,67,2257,A
18,68,2308,A
18,69,2332,B
18,70,2333,C
18,71,2366,A
18,72,2399,B
18,73,2402,B
18,74,2526,b
18,75,2538,C
18,76,2578,O
18,77,2666,A
18,78,2672,O
18,79,2696,A
18,80,2750,C
18,81,2788,D
18,82,2797,b
18,83,2817,C
18,84,2946,A
18,85,2948,B
18,86,3010,C
18,87,3022,C
18,88,3068,B
18,89,3092,D
18,90,3098,A
18,91,3123,C
18,92,3136,B
18,93,3222,A
18,94,3225,C
18,95,3228,d
18,96,3267,B
18,97,3333,D
18,98,3363,D
18,99,3372,B
18,100,3409,D
19,1,41,A
19,2,67,B
19,3,115,B
19,4,181,C
19,5,191,O
19,6,212,B
19,7,290,A
19,8,358,D
19,9,370,A
19,10,501,A
19,11,504,A
19,12,525,C
19,13,576,B
19,14,630,D
19,15,631,D
19,16,638,C
19,17,749,B
19,18,750,A
19,19,803,D
19,20,806,C
19,21,812,A
19,22,834,O
19,23,850,C
19,24,890,B
19,25,964,C
19,26,1023,A
19,27,1047,A
19,28,1113,C
19,29,1123,B
19,30,1136,B
19,31,1138,D
19,32,1162,a
19,33,1185,B
19,34,1187,A
19,35,1220,C
19,36,1265,B
19,37,1274,C
19,38,1282,C
19,39,1299,C
19,40,1393,A
19,41,1414,D
19,42,1442,A
19,43,1464,B
19,44,1510,B
19,45,1581,D
19,46,1584,d
19,47,1603,C
19,48,1619,C
19,49,1673,C
19,50,1680,C
19,51,1707,C
19,52,1838,D
19,53,1859,B
19,54,1899,B
19,55,1943,A
19,56,1960,A
19,57,1974,C
19,58,2007,C
19,59,2015,A
19,60,2062,O
19,61,2099,C
19,62,2120,C
19,63,2140,B
19,64,2145,C
19,65,2148,O
19,66,2154,C
19,67,2155,C
19,68,2165,A
19,69,2171,C
19,70,2270,D
19,71,2271,A
19,72,2288,A
19,73,2352,A
19,74,2378,A
19,75,2575,B
19,76,2589,O
19,77,2601,A
19,78,2603,A
19,79,2676,A
19,80,2681,B
19,81,2692,A
19,82,2735,C
19,83,2736,B
19,84,2742,A
19,85,2743,A
19,86,2762,D
19,87,2806,a
19,88,2812,D
19,89,2829,C
19,90,2837,O
19,91,2849,O
19,92,2969,B
19,93,3038,C
19,94,3075,a
19,95,3145,D
19,96,3203,a
19,97,3272,D
19,98,3286,A
19,99,3412,O
19,100,3420,A
20,1,11,C
20,2,92,B
20,3,164,A
20,4,197,A
20,5,198,D
20,6,199,A
20,7,226,A
20,8,285,C
20,9,379,C
20,10,390,C
20,11,391,C
20,12,408,D
20,13,453,B
20,14,455,C
20,15,481,A
20,16,498,B
20,17,541,A
20,18,602,C
20,19,710,B
20,20,744,B
20,21,752,C
20,22,785,C
20,23,840,A
20,24,877,A
20,25,942,A
20,26,944,D
20,27,950,C
20,28,958,C
20,29,1031,C
20,30,1070,A
20,31,1099,A
20,32,1101,B
20,33,1146,c
20,34,1192,a
20,35,1211,D
20,36,1245,A
20,37,1285,B
20,38,1314,A
20,39,1327,A
20,40,1341,C
20,41,1357,A
20,42,1364,C
20,43,1437,B
20,44,1454,B
20,45,1455,c
20,46,1509,A
20,47,1528,C
20,48,1529,C
20,49,1546,A
20,50,1562,B
20,51,1564,A
20,52,1568,B
20,53,1593,C
20,54,1615,D
20,55,1652,O
20,56,1687,A
20,57,1690,A
20,58,1773,C
20,59,1789,A
20,60,1832,C
20,61,1966,C
20,62,1999,C
20,63,2018,B
20,64,2047,D
20,65,2092,c
20,66,2118,d
20,67,2125,B
20,68,2131,A
20,69,2192,A
20,70,2223,a
20,71,2226,O
20,72,2262,D
20,73,2335,A
20,74,2347,A
20,75,2362,C
20,76,2372,C
20,77,2421,C
20,78,2449,D
20,79,2450,B
20,80,2466,A
20,81,2476,D
20,82,2499,B
20,83,2527,A
20,84,2534,D
20,85,2547,C
20,86,2646,O
20,87,2706,B
20,88,2717,A
20,89,2766,A
20,90,2805,A
20,91,2936,C
20,92,2954,C
20,93,2993,B
20,94,3057,d
20,95,3103,C
20,96,3246,C
20,97,3316,A
20,98,3353,D
20,99,3361,D
20,100,3415,B
21,1,26,B
21,2,38,C
21,3,110,O
21,4,113,A
21,5,158,D
21,6,193,A
21,7,194,C
21,8,245,A
21,9,267,B
21,10,281,O
21,11,301,O
21,12,317,O
21,13,509,B
21,14,530,D
21,15,535,b
21,16,537,A
21,17,540,a
21,18,569,b
21,19,580,D
21,20,582,A
21,21,592,A
21,22,622,B
21,23,634,B
21,24,659,B
21,25,666,A
21,26,673,c
21,27,729,a
21,28,742,B
21,29,762,C
21,30,860,C
21,31,883,D
21,32,977,A
21,33,1034,A
21,34,1091,B
21,35,1130,a
21,36,1160,D
21,37,1206,C
21,38,1302,C
21,39,1362,C
21,40,1376,O
21,41,1382,B
21,42,1389,A
21,43,1394,O
21,44,1406,C
21,45,1481,O
21,46,1557,C
21,47,1588,D
21,48,1643,B
21,49,1668,A
21,50,1688,B
21,51,1694,C
21,52,1695,C
21,53,1774,A
21,54,1849,A
21,55,1862,D
21,56,1891,B
21,57,1903,O
21,58,1906,O
21,59,1912,B
21,60,1915,D
21,61,1944,B
21,62,2000,b
21,63,2032,A
21,64,2061,a
21,65,2079,B
21,66,2185,O
21,67,2200,B
21,68,2252,B
21,69,2297,A
21,70,2318,C
21,71,2384,C
21,72,2411,D
21,73,2524,d
21,74,2567,O
21,75,2570,C
21,76,2674,B
21,77,2686,C
21,78,2741,D
21,79,2758,B
21,80,2765,B
21,81,2799,O
21,82,2830,C
21,83,2863,A
21,84,2888,C
21,85,2898,C
21,86,2964,a
21,87,2979,C
21,88,3011,A
21,89,3019,B
21,90,3046,C
21,91,3113,D
21,92,3120,C
21,93,3201,C
21,94,3221,D
21,95,3253,A
21,96,3288,O
21,97,3302,D
21,98,3326,C
21,99,3369,A
21,100,3378,D
22,1,2,C
22,2,32,B
22,3,60,A
22,4,187,a
22,5,224,C
22,6,277,A
22,7,362,B
22,8,363,D
22,9,413,A
22,10,479,C
22,11,493,B
22,12,497,D
22,13,507,A
22,14,545,C
22,15,668,O
22,16,700,C
22,17,701,O
22,18,726,A
22,19,781,B
22,20,788,B
22,21,830,D
22,22,845,A
22,23,851,A
22,24,880,A
22,25,939,D
22,26,972,C
22,27,975,C
22,28,1038,A
22,29,1040,a
22,30,1057,B
22,31,1079,B
22,32,1143,D
22,33,1226,C
22,34,1238,D
22,35,1295,A
22,36,1301,D
22,37,1346,D
22,38,1367,D
22,39,1397,A
22,40,1440,B
22,41,1451,A
22,42,1462,A
22,43,1493,C
22,44,1537,O
22,45,1541,D
22,46,1571,B
22,47,1578,C
22,48,1599,D
22,49,1606,B
22,50,1685,B
22,51,1738,A
22,52,1877,B
22,53,1880,D
22,54,1889,b
22,55,1900,O
22,56,2025,C
22,57,2039,A
22,58,2059,C
22,59,2060,D
22,60,2063,b
22,61,2150,C
22,62,2157,D
22,63,2208,A
22,64,2266,A
22,65,2320,A
22,66,2414,A
22,67,2423,A
22,68,2429,C
22,69,2447,D
22,70,2453,B
22,71,2492,A
22,72,2506,b
22,73,2515,c
22,74,2516,C
22,75,2533,C
22,76,2629,B
22,77,2694,D
22,78,2699,C
22,79,2711,b
22,80,2731,A
22,81,2769,A
22,82,2828,C
22,83,2865,A
22,84,2912,B
22,85,2922,C
22,86,2999,C
22,87,3043,C
22,88,3082,D
22,89,3086,B
22,90,3119,D
22,91,3128,D
22,92,3192,B
22,93,3200,D
22,94,3212,B
22,95,3250,B
22,96,3298,D
22,97,3309,C
22,98,3311,B
22,99,3321,B
22,100,3371,D
23,1,19,a
23,2,43,C
23,3,46,A
23,4,83,A
23,5,86,A
23,6,88,C
23,7,108,B
23,8,119,B
23,9,140,C
23,10,143,B
23,11,169,A
23,12,179,C
23,13,237,A
23,14,272,B
23,15,306,A
23,16,340,B
23,17,347,c
23,18,351,C
23,19,365,C
23,20,373,A
23,21,381,A
23,22,385,O
23,23,394,B
23,24,440,B
23,25,516,A
23,26,531,B
23,27,598,D
23,28,777,C
23,29,780,O
23,30,783,B
23,31,796,D
23,32,841,c
23,33,929,D
23,34,941,C
23,35,952,C
23,36,979,B
23,37,1007,B
23,38,1026,C
23,39,1029,D
23,40,1036,C
23,41,1064,A
23,42,1145,D
23,43,1221,B
23,44,1228,C
23,45,1310,C
23,46,1328,A
23,47,1369,d
23,48,1388,B
23,49,1413,C
23,50,1435,D
23,51,1445,A
23,52,1485,B
23,53,1569,C
23,54,1672,d
23,55,1683,A
23,56,1756,B
23,57,1858,B
23,58,1864,B
23,59,1947,B
23,60,1977,A
23,61,1989,C
23,62,2016,A
23,63,2024,a
23,64,2075,C
23,65,2117,C
23,66,2175,D
23,67,2187,O
23,68,2189,A
23,69,2230,B
23,70,2234,A
23,71,2238,a
23,72,2349,C
23,73,2355,C
23,74,2433,D
23,75,2444,C
23,76,2481,D
23,77,2539,A
23,78,2608,C
23,79,2651,O
23,80,2675,B
23,81,2727,O
23,82,2752,A
23,83,2761,A
23,84,2790,A
23,85,2881,A
23,86,2944,D
23,87,2988,B
23,88,3012,O
23,89,3028,B
23,90,3069,D
23,91,3087,D
23,92,3124,B
23,93,3133,a
23,94,3148,A
23,95,3181,C
23,96,3241,C
23,97,3245,B
23,98,3308,C
23,99,3324,C
23,100,3335,A
24,1,33,O
24,2,103,C
24,3,114,A
24,4,135,A
24,5,165,B
24,6,174,A
24,7,283,c
24,8,292,a
24,9,377,C
24,10,542,C
24,11,548,C
24,12,553,A
24,13,610,B
24,14,633,D
24,15,637,B
24,16,657,C
24,17,709,A
24,18,712,A
24,19,737,B
24,20,746,A
24,21,756,a
24,22,809,B
24,23,842,B
24,24,917,c
24,25,1010,A
24,26,1156,C
24,27,1204,O
24,28,1241,B
24,29,1275,D
24,30,1306,b
24,31,1308,B
24,32,1313,C
24,33,1317,A
24,34,1416,C
24,35,1491,A
24,36,1512,A
24,37,1524,C
24,38,1577,B
24,39,1632,C
24,40,1638,C
24,41,1701,B
24,42,1712,C
24,43,1749,D
24,44,1755,D
24,45,1763,B
24,46,1780,d
24,47,1784,A
24,48,1844,A
24,49,1860,B
24,50,1883,B
24,51,1901,A
24,52,1904,D
24,53,1914,C
24,54,1937,O
24,55,1961,D
24,56,1971,A
24,57,1980,C
24,58,2102,B
24,59,2134,O
24,60,2190,A
24,61,2260,a
24,62,2312,B
24,63,2392,O
24,64,2473,A
24,65,2477,A
24,66,2483,A
24,67,2486,A
24,68,2599,D
24,69,2605,A
24,70,2617,A
24,71,2724,D
24,72,2763,C
24,73,2833,C
24,74,2844,B
24,75,2880,C
24,76,2885,B
24,77,2899,C
24,78,2927,B
24,79,2975,A
24,80,3008,A
24,81,3013,B
24,82,3035,b
24,83,3067,C
24,84,3076,B
24,85,3079,A
24,86,3096,b
24,87,3132,B
24,88,3153,B
24,89,3205,D
24,90,3220,C
24,91,3223,d
24,92,3233,c
24,93,3265,C
24,94,3281,A
24,95,3313,D
24,96,3319,O
24,97,3374,A
24,98,3387,d
24,99,3394,D
24,100,3416,a
25,1,15,B
25,2,117,D
25,3,121,C
25,4,166,A
25,5,170,C
25,6,183,A
25,7,196,C
25,8,206,C
25,9,252,B
25,10,324,B
25,11,353,B
25,12,389,A
25,13,422,C
25,14,448,C
25,15,458,C
25,16,522,C
25,17,566,A
25,18,601,D
25,19,648,C
25,20,702,O
25,21,755,A
25,22,758,D
25,23,761,d
25,24,866,C
25,25,872,A
25,26,951,C
25,27,956,C
25,28,982,D
25,29,1049,A
25,30,1062,C
25,31,1106,b
25,32,1144,C
25,33,1151,B
25,34,1155,O
25,35,1173,b
25,36,1179,A
25,37,1273,A
25,38,1286,C
25,39,1347,C
25,40,1353,A
25,41,1374,A
25,42,1375,b
25,43,1404,A
25,44,1412,A
25,45,1522,B
25,46,1595,B
25,47,1605,A
25,48,1642,B
25,49,1704,A
25,50,1742,B
25,51,1852,C
25,52,1896,A
25,53,1911,B
25,54,1963,C
25,55,2058,C
25,56,2096,D
25,57,2098,C
25,58,2138,D
25,59,2156,D
25,60,2195,A
25,61,2215,A
25,62,2227,D
25,63,2284,B
25,64,2293,O
25,65,2304,D
25,66,2342,B
25,67,2350,c
25,68,2431,b
25,69,2435,C
25,70,2495,A
25,71,2521,A
25,72,2546,C
25,73,2668,A
25,74,2704,C
25,75,2715,D
25,76,2723,b
25,77,2732,D
25,78,2778,D
25,79,2780,B
25,80,2784,A
25,81,2794,A
25,82,2816,B
25,83,2847,D
25,84,2859,B
25,85,2932,O
25,86,2937,B
25,87,3025,A
25,88,3080,C
25,89,3104,C
25,90,3163,D
25,91,3178,a
25,92,3282,A
25,93,3334,C
25,94,3345,D
25,95,3370,C
25,96,3407,C
25,97,3413,D
25,98,3423,C
25,99,3428,A
25,100,3430,D
26,1,102,B
26,2,155,b
26,3,219,B
26,4,221,B
26,5,238,C
26,6,242,B
26,7,246,A
26,8,249,B
26,9,253,d
26,10,273,B
26,11,299,A
26,12,352,A
26,13,393,C
26,14,409,D
26,15,427,O
26,16,442,A
26,17,468,b
26,18,482,D
26,19,588,A
26,20,660,B
26,21,678,B
26,22,736,B
26,23,768,B
26,24,774,C
26,25,814,C
26,26,823,A
26,27,902,A
26,28,907,B
26,29,997,C
26,30,1003,B
26,31,1043,A
26,32,1048,B
26,33,1083,A
26,34,1153,c
26,35,1157,A
26,36,1167,C
26,37,1227,A
26,38,1296,D
26,39,1305,O
26,40,1344,A
26,41,1448,A
26,42,1478,B
26,43,1542,D
26,44,1561,O
26,45,1570,B
26,46,1628,B
26,47,1702,C
26,48,1703,A
26,49,1709,D
26,50,1725,B
26,51,1785,C
26,52,1804,D
26,53,1807,C
26,54,1907,B
26,55,1939,D
26,56,1950,C
26,57,1955,A
26,58,1956,B
26,59,1979,D
26,60,1996,D
26,61,2013,A
26,62,2056,A
26,63,2065,A
26,64,2135,C
26,65,2149,b
26,66,2158,C
26,67,2239,A
26,68,2267,C
26,69,2273,C
26,70,2336,A
26,71,2365,A
26,72,2460,B
26,73,2482,A
26,74,2577,A
26,75,2581,D
26,76,2609,b
26,77,2667,C
26,78,2733,A
26,79,2746,A
26,80,2754,B
26,81,2756,B
26,82,2793,a
26,83,2854,B
26,84,2862,A
26,85,2876,A
26,86,2909,A
26,87,2926,C
26,88,2940,D
26,89,2962,a
26,90,2972,A
26,91,3097,A
26,92,3105,B
26,93,3110,C
26,94,3151,D
26,95,3175,A
26,96,3275,D
26,97,3291,C
26,98,3325,D
26,99,3347,D
26,100,3408,A
27,1,6,A
27,2,36,B
27,3,51,B
27,4,156,D
27,5,208,B
27,6,233,c
27,7,300,D
27,8,337,C
27,9,364,O
27,10,392,B
27,11,518,A
27,12,519,B
27,13,574,A
27,14,600,O
27,15,604,D
27,16,661,D
27,17,667,B
27,18,732,B
27,19,747,D
27,20,797,B
27,21,870,D
27,22,906,D
27,23,912,C
27,24,918,D
27,25,983,A
27,26,988,D
27,27,1016,B
27,28,1174,A
27,29,1186,A
27,30,1209,A
27,31,1278,A
27,32,1390,B
27,33,1408,A
27,34,1418,A
27,35,1439,B
27,36,1468,A
27,37,1477,A
27,38,1479,C
27,39,1497,D
27,40,1499,D
27,41,1539,A
27,42,1565,A
27,43,1591,B
27,44,1629,A
27,45,1641,D
27,46,1654,B
27,47,1655,A
27,48,1678,B
27,49,1679,C
27,50,1716,B
27,51,1717,C
27,52,1739,A
27,53,1771,c
27,54,1825,O
27,55,1928,D
27,56,1957,O
27,57,2008,O
27,58,2052,A
27,59,2087,D
27,60,2108,A
27,61,2113,A
27,62,2174,B
27,63,2205,B
27,64,2217,O
27,65,2219,C
27,66,2253,c
27,67,2291,C
27,68,2298,A
27,69,2360,A
27,70,2408,A
27,71,2438,d
27,72,2520,D
27,73,2562,B
27,74,2566,D
27,75,2583,B
27,76,2624,C
27,77,2639,B
27,78,2648,D
27,79,2713,B
27,80,2836,A
27,81,2875,A
27,82,2892,A
27,83,2965,B
27,84,2974,O
27,85,3049,B
27,86,3125,c
27,87,3152,B
27,88,3173,b
27,89,3185,C
27,90,3197,A
27,91,3211,A
27,92,3242,B
27,93,3294,B
27,94,3296,D
27,95,3304,C
27,96,3318,C
27,97,3323,C
27,98,3330,C
27,99,3380,A
27,100,3397,A
28,1,52,D
28,2,69,A
28,3,124,A
28,4,130,D
28,5,134,D
28,6,146,O
28,7,171,C
28,8,180,C
28,9,230,B
28,10,309,c
28,11,355,D
28,12,380,A
28,13,412,B
28,14,418,A
28,15,454,O
28,16,517,C
28,17,556,C
28,18,557,O
28,19,683,D
28,20,689,D
28,21,795,b
28,22,829,O
28,23,852,A
28,24,887,D
28,25,889,c
28,26,909,C
28,27,940,C
28,28,978,A
28,29,1006,A
28,30,1044,A
28,31,1046,O
28,32,1072,D
28,33,1074,B
28,34,1076,B
28,35,1087,A
28,36,1110,C
28,37,1229,D
28,38,1258,a
28,39,1259,B
28,40,1266,C
28,41,1288,C
28,42,1304,C
28,43,1354,A
28,44,1432,C
28,45,1505,O
28,46,1551,B
28,47,1580,O
28,48,1612,C
28,49,1730,D
28,50,1737,O
28,51,1740,C
28,52,1753,C
28,53,1769,D
28,54,1770,C
28,55,1809,C
28,56,1841,B
28,57,1847,C
28,58,1888,C
28,59,1908,D
28,60,1962,a
28,61,1967,B
28,62,1984,C
28,63,2072,A
28,64,2101,c
28,65,2107,O
28,66,2116,C
28,67,2206,C
28,68,2212,A
28,69,2231,C
28,70,2258,B
28,71,2306,C
28,72,2313,A
28,73,2404,A
28,74,2409,A
28,75,2434,B
28,76,2440,c
28,77,2528,O
28,78,2531,B
28,79,2703,C
28,80,2718,D
28,81,2818,B
28,82,2823,C
28,83,2852,C
28,84,2872,A
28,85,2886,A
28,86,2901,A
28,87,2915,A
28,88,2973,B
28,89,3041,A
28,90,3051,B
28,91,3053,c
28,92,3099,A
28,93,3101,A
28,94,3126,D
28,95,3138,A
28,96,3263,D
28,97,3293,B
28,98,3338,O
28,99,3356,C
28,100,3390,D
29,1,62,O
29,2,77,O
29,3,106,B
29,4,144,O
29,5,147,B
29,6,149,B
29,7,162,O
29,8,269,O
29,9,271,B
29,10,282,D
29,11,308,C
29,12,327,A
29,13,335,C
29,14,348,A
29,15,366,C
29,16,367,O
29,17,420,O
29,18,435,D
29,19,459,a
29,20,484,C
29,21,550,A
29,22,577,C
29,23,609,C
29,24,640,A
29,25,664,A
29,26,665,B
29,27,671,B
29,28,733,O
29,29,734,a
29,30,739,C
29,31,740,d
29,32,802,C
29,33,815,D
29,34,836,A
29,35,891,C
29,36,899,A
29,37,900,B
29,38,916,c
29,39,996,D
29,40,1005,D
29,41,1069,A
29,42,1122,C
29,43,1125,C
29,44,1133,B
29,45,1147,D
29,46,1166,c
29,47,1332,D
29,48,1355,b
29,49,1378,C
29,50,1407,B
29,51,1420,B
29,52,1515,A
29,53,1534,B
29,54,1556,D
29,55,1609,B
29,56,1620,d
29,57,1710,C
29,58,1714,C
29,59,1750,A
29,60,1751,B
29,61,1778,c
29,62,1782,B
29,63,1797,O
29,64,1874,C
29,65,1924,B
29,66,2103,A
29,67,2137,O
29,68,2242,A
29,69,2259,A
29,70,2345,b
29,71,2346,C
29,72,2379,B
29,73,2395,C
29,74,2417,B
29,75,2426,A
29,76,2461,A
29,77,2511,B
29,78,2530,A
29,79,2537,O
29,80,2568,A
29,81,2590,C
29,82,2678,D
29,83,2768,B
29,84,2800,A
29,85,2811,A
29,86,2845,C
29,87,2848,C
29,88,2850,C
29,89,2939,B
29,90,2945,c
29,91,3004,A
29,92,3031,O
29,93,3088,A
29,94,3118,B
29,95,3122,B
29,96,3174,A
29,97,3238,O
29,98,3312,D
29,99,3332,B
29,100,3352,D
30,1,96,C
30,2,100,a
30,3,154,C
30,4,160,A
30,5,210,a
30,6,297,A
30,7,319,A
30,8,403,B
30,9,419,A
30,10,428,C
30,11,431,C
30,12,449,C
30,13,462,A
30,14,470,D
30,15,490,d
30,16,564,C
30,17,663,A
30,18,679,A
30,19,685,B
30,20,706,B
30,21,715,B
30,22,745,B
30,23,825,C
30,24,855,A
30,25,871,C
30,26,933,A
30,27,949,A
30,28,973,A
30,29,974,C
30,30,984,O
30,31,1028,O
30,32,1041,D
30,33,1061,B
30,34,1135,C
30,35,1216,C
30,36,1236,B
30,37,1243,a
30,38,1264,A
30,39,1401,B
30,40,1402,A
30,41,1422,C
30,42,1475,C
30,43,1482,C
30,44,1516,O
30,45,1543,a
30,46,1650,B
30,47,1731,C
30,48,1745,B
30,49,1783,c
30,50,1788,A
30,51,1791,D
30,52,1816,D
30,53,1828,C
30,54,1840,A
30,55,1941,B
30,56,2022,B
30,57,2043,B
30,58,2054,A
30,59,2081,A
30,60,2100,A
30,61,2122,B
30,62,2169,C
30,63,2235,d
30,64,2290,a
30,65,2323,a
30,66,2338,A
30,67,2370,A
30,68,2374,A
30,69,2490,A
30,70,2494,B
30,71,2541,A
30,72,2661,A
30,73,2710,B
30,74,2770,B
30,75,2832,O
30,76,2868,B
30,77,2874,C
30,78,2884,A
30,79,2910,c
30,80,2956,A
30,81,2987,C
30,82,3030,A
30,83,3130,b
30,84,3147,D
30,85,3157,O
30,86,3172,A
30,87,3210,B
30,88,3218,B
30,89,3255,D
30,90,3268,c
30,91,3328,B
30,92,3336,D
30,93,3360,B
30,94,3375,A
30,95,3385,B
30,96,3388,C
30,97,3389,C
30,98,3403,C
30,99,3417,B
30,100,3434,A
31,1,35,A
31,2,40,B
31,3,55,A
31,4,85,A
31,5,94,A
31,6,122,A
31,7,247,C
31,8,261,A
31,9,264,d
31,10,274,D
31,11,325,C
31,12,338,A
31,13,354,A
31,14,386,O
31,15,488,O
31,16,502,A
31,17,532,C
31,18,616,A
31,19,730,A
31,20,776,d
31,21,784,C
31,22,873,O
31,23,904,A
31,24,905,a
31,25,967,D
31,26,971,A
31,27,980,A
31,28,994,O
31,29,1017,B
31,30,1082,A
31,31,1148,D
31,32,1150,C
31,33,1171,C
31,34,1189,A
31,35,1235,C
31,36,1244,A
31,37,1254,A
31,38,1326,a
31,39,1365,A
31,40,1380,D
31,41,1429,C
31,42,1469,a
31,43,1486,C
31,44,1492,A
31,45,1527,C
31,46,1545,b
31,47,1558,C
31,48,1583,b
31,49,1587,A
31,50,1611,c
31,51,1622,A
31,52,1706,B
31,53,1765,B
31,54,1775,O
31,55,1779,C
31,56,1781,O
31,57,1823,D
31,58,1871,D
31,59,1882,B
31,60,1964,B
31,61,2133,C
31,62,2166,B
31,63,2248,A
31,64,2272,D
31,65,2280,O
31,66,2300,B
31,67,2301,B
31,68,2446,B
31,69,2493,a
31,70,2514,C
31,71,2536,A
31,72,2558,c
31,73,2559,D
31,74,2561,B
31,75,2579,C
31,76,2593,b
31,77,2701,C
31,78,2728,C
31,79,2775,C
31,80,2787,C
31,81,2789,a
31,82,2810,B
31,83,2860,D
31,84,2889,D
31,85,2907,d
31,86,3100,A
31,87,3106,B
31,88,3158,B
31,89,3162,D
31,90,3187,A
31,91,3216,O
31,92,3247,C
31,93,3248,D
31,94,3262,O
31,95,3274,A
31,96,3280,B
31,97,3283,c
31,98,3346,C
31,99,3362,C
31,100,3366,A
32,1,4,B
32,2,80,A
32,3,109,A
32,4,128,A
32,5,137,A
32,6,163,B
32,7,235,C
32,8,250,A
32,9,398,B
32,10,414,B
32,11,429,C
32,12,443,A
32,13,465,C
32,14,466,C
32,15,562,A
32,16,619,C
32,17,627,B
32,18,642,A
32,19,686,C
32,20,767,D
32,21,789,B
32,22,800,C
32,23,808,O
32,24,817,B
32,25,862,A
32,26,1019,C
32,27,1054,C
32,28,1068,A
32,29,1094,D
32,30,1126,C
32,31,1142,a
32,32,1161,C
32,33,1164,C
32,34,1180,B
32,35,1188,A
32,36,1223,D
32,37,1256,A
32,38,1279,A
32,39,1292,B
32,40,1333,A
32,41,1343,O
32,42,1351,A
32,43,1361,C
32,44,1391,A
32,45,1494,C
32,46,1511,c
32,47,1520,A
32,48,1532,D
32,49,1573,C
32,50,1644,B
32,51,1659,A
32,52,1723,B
32,53,1799,a
32,54,1802,D
32,55,1815,B
32,56,1866,A
32,57,1917,B
32,58,2002,C
32,59,2014,C
32,60,2040,A
32,61,2104,C
32,62,2105,B
32,63,2126,B
32,64,2129,D
32,65,2244,A
32,66,2254,A
32,67,2309,A
32,68,2317,O
32,69,2325,A
32,70,2377,C
32,71,2386,C
32,72,2390,D
32,73,2448,C
32,74,2454,B
32,75,2472,a
32,76,2549,D
32,77,2556,D
32,78,2586,C
32,79,2623,C
32,80,2663,A
32,81,2684,C
32,82,2720,d
32,83,2726,C
32,84,2757,D
32,85,2783,B
32,86,2801,B
32,87,2813,C
32,88,2864,B
32,89,2931,C
32,90,2952,D
32,91,3066,D
32,92,3107,C
32,93,3143,B
32,94,3176,C
32,95,3177,C
32,96,3271,D
32,97,3343,C
32,98,3344,B
32,99,3365,A
32,100,3377,D
33,1,120,b
33,2,190,O
33,3,207,B
33,4,240,C
33,5,322,A
33,6,331,A
33,7,375,B
33,8,406,C
33,9,425,A
33,10,437,A
33,11,452,D
33,12,457,B
33,13,475,C
33,14,476,B
33,15,571,B
33,16,613,B
33,17,644,D
33,18,738,A
33,19,748,B
33,20,778,A
33,21,804,A
33,22,854,C
33,23,892,B
33,24,911,D
33,25,915,A
33,26,959,C
33,27,1008,B
33,28,1096,C
33,29,1210,C
33,30,1231,B
33,31,1246,A
33,32,1272,C
33,33,1325,O
33,34,1330,C
33,35,1352,B
33,36,1450,B
33,37,1490,B
33,38,1533,D
33,39,1548,D
33,40,1550,O
33,41,1560,B
33,42,1582,C
33,43,1613,D
33,44,1639,B
33,45,1649,A
33,46,1653,A
33,47,1692,A
33,48,1741,A
33,49,1833,C
33,50,1855,A
33,51,1897,B
33,52,1938,A
33,53,1998,A
33,54,2046,b
33,55,2093,C
33,56,2136,C
33,57,2160,D
33,58,2182,C
33,59,2186,D
33,60,2240,A
33,61,2285,B
33,62,2305,A
33,63,2324,D
33,64,2351,c
33,65,2415,O
33,66,2519,A
33,67,2554,C
33,68,2560,A
33,69,2563,B
33,70,2585,B
33,71,2618,C
33,72,2656,A
33,73,2660,B
33,74,2669,D
33,75,2671,A
33,76,2702,B
33,77,2853,B
33,78,2870,C
33,79,2878,c
33,80,2918,A
33,81,2955,B
33,82,2961,B
33,83,2978,a
33,84,2995,D
33,85,3003,B
33,86,3056,C
33,87,3071,A
33,88,3102,D
33,89,3114,B
33,90,3121,B
33,91,3207,C
33,92,3219,a
33,93,3256,C
33,94,3257,C
33,95,3261,B
33,96,3290,D
33,97,3329,A
33,98,3349,D
33,99,3358,D
33,100,3395,C
34,1,22,C
34,2,53,C
34,3,61,A
34,4,95,A
34,5,157,A
34,6,286,A
34,7,329,C
34,8,332,B
34,9,383,D
34,10,415,A
34,11,485,B
34,12,510,A
34,13,546,D
34,14,559,B
34,15,593,A
34,16,652,D
34,17,682,A
34,18,790,C
34,19,791,c
34,20,837,A
34,21,863,O
34,22,874,C
34,23,913,D
34,24,970,O
34,25,998,C
34,26,1053,B
34,27,1055,C
34,28,1089,D
34,29,1137,D
34,30,1139,B
34,31,1178,B
34,32,1202,B
34,33,1205,A
34,34,1214,A
34,35,1280,a
34,36,1287,B
34,37,1335,A
34,38,1363,D
34,39,1373,C
34,40,1409,O
34,41,1483,d
34,42,1495,B
34,43,1517,c
34,44,1572,C
34,45,1633,D
34,46,1636,A
34,47,1663,A
34,48,1711,C
34,49,1735,B
34,50,1792,A
34,51,1794,C
34,52,1818,C
34,53,1856,C
34,54,1878,B
34,55,1926,D
34,56,1949,O
34,57,1952,B
34,58,1965,C
34,59,1970,A
34,60,1992,A
34,61,2041,A
34,62,2153,D
34,63,2299,D
34,64,2302,D
34,65,2334,C
34,66,2343,C
34,67,2353,A
34,68,2373,a
34,69,2375,A
34,70,2389,A
34,71,2425,A
34,72,2451,C
34,73,2455,B
34,74,2459,B
34,75,2498,B
34,76,2551,c
34,77,2626,a
34,78,2643,D
34,79,2653,A
34,80,2655,O
34,81,2677,A
34,82,2695,C
34,83,2764,D
34,84,2791,O
34,85,2920,B
34,86,2935,A
34,87,2960,B
34,88,2990,C
34,89,3059,A
34,90,3111,B
34,91,3156,B
34,92,3169,C
34,93,3180,O
34,94,3193,A
34,95,3213,A
34,96,3260,a
34,97,3355,D
34,98,3364,A
34,99,3381,A
34,100,3418,A
35,1,30,A
35,2,473,A
35,3,495,C
35,4,594,C
35,5,930,B
35,6,1009,A
35,7,1014,c
35,8,1060,B
35,9,1073,b
35,10,1193,C
35,11,1248,B
35,12,1281,D
35,13,1322,A
35,14,1356,D
35,15,1458,A
35,16,1484,D
35,17,1521,B
35,18,1618,A
35,19,1681,C
35,20,1686,B
35,21,1836,A
35,22,1993,A
35,23,2086,C
35,24,2210,B
35,25,2263,D
35,26,2282,D
35,27,2359,B
35,28,2367,A
35,29,2418,A
35,30,2502,C
35,31,2510,A
35,32,2572,A
35,33,2953,D
35,34,2982,c
35,35,3435,D